music_id,user_id,date,duration
12,71,2021-02-03 19:05:50,202
255,45,2022-02-28 18:21:44,139
95,78,2017-04-10 06:25:53,309
200,150,2017-11-17 04:56:34,57
197,52,2023-03-05 08:56:32,161
259,10,2017-06-11 08:37:52,71
221,133,2018-02-18 00:37:22,197
278,118,2021-02-25 15:36:43,78
34,179,2019-06-27 17:43:05,156
141,176,2020-07-22 19:46:08,52
17,68,2019-07-30 13:43:44,348
158,73,2021-08-26 10:56:19,329
274,83,2020-05-14 11:46:03,64
25,105,2019-09-09 01:46:48,273
2,124,2019-11-16 04:01:01,354
75,118,2021-03-24 03:19:39,239
244,2,2017-01-30 21:23:49,225
71,194,2023-02-12 07:22:41,342
231,122,2015-12-17 23:07:42,104
126,79,2015-07-13 13:57:05,13
23,52,2022-05-25 20:22:40,120
133,170,2021-07-11 01:38:31,87
121,158,2021-12-07 03:15:00,267
119,133,2018-09-01 19:58:05,190
146,159,2017-12-12 16:50:43,75
188,178,2019-07-04 09:41:00,354
222,21,2022-03-02 01:58:28,238
213,48,2021-07-30 07:39:59,165
51,36,2021-04-08 07:38:39,245
53,186,2016-05-26 06:19:20,340
54,200,2022-11-07 15:01:40,62
155,21,2018-02-19 16:31:58,256
289,37,2019-07-03 10:10:05,24
244,174,2020-07-29 19:50:53,226
248,1,2017-08-01 05:28:48,75
125,117,2019-04-18 12:15:58,258
164,43,2016-01-14 19:14:40,65
207,179,2019-11-28 23:49:31,38
27,76,2020-08-05 16:54:33,17
97,16,2021-10-13 12:11:56,17
297,3,2019-02-20 07:48:45,121
166,25,2018-04-05 15:11:20,61
233,122,2021-03-04 23:09:31,109
49,61,2020-07-13 08:43:53,251
17,186,2022-01-30 21:00:52,122
245,21,2023-03-18 15:54:36,195
174,136,2021-12-03 03:01:09,78
277,175,2021-02-17 00:13:53,222
71,72,2021-11-01 11:01:06,74
192,27,2016-07-26 03:26:56,35
76,41,2016-03-31 23:17:12,133
17,25,2016-06-30 21:46:08,134
94,121,2021-03-06 12:42:31,240
222,154,2023-01-23 01:37:36,126
213,81,2015-05-30 14:29:54,210
230,172,2016-10-08 02:30:16,79
23,135,2019-12-19 22:53:24,312
51,120,2023-02-17 02:19:23,263
246,93,2020-09-19 20:15:38,193
36,122,2016-05-26 12:36:01,101
3,186,2022-04-03 23:56:43,270
106,170,2017-07-12 18:09:43,126
117,71,2017-01-20 04:15:00,184
277,85,2016-11-01 23:59:07,296
188,5,2020-09-13 23:27:40,207
131,59,2020-03-25 19:15:04,264
212,115,2018-10-23 05:54:54,129
103,109,2022-05-13 14:58:56,302
198,81,2022-04-08 02:53:38,252
266,24,2023-02-22 08:40:49,160
124,76,2016-06-11 11:48:23,138
118,161,2019-01-28 08:57:07,286
167,151,2021-08-19 20:16:33,267
186,137,2016-06-11 07:37:07,313
26,195,2018-08-15 19:38:49,336
135,97,2019-01-28 06:21:01,232
267,104,2016-06-10 04:40:00,215
29,107,2021-01-24 02:54:32,96
52,13,2017-08-13 16:51:18,264
258,186,2016-09-24 04:11:15,116
226,140,2019-04-29 20:23:58,12
125,168,2020-12-08 21:52:30,229
60,45,2020-02-09 06:35:38,81
234,49,2017-03-29 21:33:33,304
207,34,2022-01-03 16:17:29,56
141,196,2015-09-20 23:02:54,162
207,143,2015-08-03 19:47:06,245
238,150,2017-07-06 20:13:28,347
143,103,2020-02-20 22:59:43,130
50,111,2020-11-01 17:50:22,98
33,17,2020-06-09 04:38:38,25
32,156,2019-12-19 17:57:09,67
256,9,2017-12-15 18:38:36,142
107,94,2023-01-07 22:14:06,267
67,128,2017-12-18 02:48:04,175
59,188,2017-08-04 20:02:38,90
33,138,2018-03-10 22:26:18,264
22,102,2021-03-15 07:34:41,182
74,152,2021-01-14 23:46:40,308
70,69,2020-12-15 18:38:47,292
55,62,2016-11-06 08:58:53,198
270,114,2019-01-07 02:35:28,144
181,75,2018-04-21 08:51:13,354
21,146,2017-11-25 03:19:05,63
93,189,2018-11-02 20:53:30,218
75,175,2018-03-19 08:58:59,352
223,47,2017-08-21 16:38:15,261
50,32,2015-09-01 16:53:50,338
272,98,2017-11-24 23:15:17,29
125,185,2021-12-27 22:34:06,24
118,72,2020-07-26 11:37:42,144
184,140,2020-05-16 06:44:45,225
284,145,2019-06-05 13:15:29,80
98,17,2016-09-25 04:08:01,75
29,60,2019-05-13 14:26:15,37
18,71,2021-09-06 07:01:32,68
95,61,2015-06-14 05:09:06,293
103,189,2022-07-26 21:14:41,154
97,25,2019-09-08 21:16:56,67
250,80,2019-04-21 08:01:48,159
128,18,2016-06-27 11:11:28,155
193,100,2018-10-16 07:40:51,272
150,169,2017-06-14 19:01:13,293
250,131,2019-10-07 04:11:58,266
276,45,2016-08-15 11:56:27,9
300,103,2023-02-06 22:56:45,87
243,95,2016-01-22 20:27:29,206
140,75,2022-07-26 19:35:41,302
148,37,2019-08-08 12:47:01,238
103,51,2017-05-12 01:56:19,131
109,67,2023-05-05 10:04:25,68
188,144,2020-05-19 02:27:00,82
297,45,2015-12-21 05:11:04,299
279,78,2020-03-15 04:32:48,294
88,161,2016-04-09 14:24:25,130
184,78,2016-08-27 10:44:52,25
215,20,2023-03-02 15:06:15,159
65,130,2016-02-29 11:35:32,262
251,2,2018-01-25 22:43:20,107
44,182,2016-08-25 23:09:13,263
30,18,2021-03-07 04:55:38,179
85,181,2022-08-20 18:02:27,262
120,171,2021-03-04 06:13:07,147
65,24,2015-11-10 00:10:56,125
51,180,2019-03-02 00:40:36,276
142,52,2018-09-09 00:50:25,266
137,118,2020-07-07 20:43:59,324
130,130,2016-08-24 02:41:18,273
206,52,2018-11-10 00:35:49,164
62,183,2015-11-04 07:17:25,248
173,198,2016-01-23 18:08:47,175
275,16,2016-04-12 05:20:47,305
200,36,2018-02-05 23:47:00,329
79,98,2022-05-07 14:26:07,82
156,87,2020-03-30 14:24:47,18
38,32,2016-04-05 17:40:01,199
5,64,2017-04-08 07:25:45,28
176,153,2018-09-23 05:50:10,76
178,87,2020-07-25 20:43:31,227
43,52,2016-12-04 12:09:10,336
284,149,2016-08-31 17:35:26,300
120,138,2018-01-05 01:50:45,18
298,34,2016-05-08 02:22:06,202
237,103,2015-09-01 02:58:39,243
111,62,2015-07-01 20:15:40,268
110,23,2022-12-13 22:16:12,74
126,39,2016-06-01 08:58:33,332
299,26,2017-04-03 19:39:59,320
18,52,2023-04-02 07:39:27,286
248,167,2016-10-27 11:25:47,311
134,110,2015-06-29 14:40:40,194
244,165,2021-08-25 19:19:46,93
158,197,2022-05-03 23:19:14,14
272,180,2018-01-31 18:04:09,36
278,176,2019-03-14 13:08:31,282
91,116,2018-03-02 14:12:51,88
191,175,2016-04-04 17:50:19,302
199,133,2016-01-31 06:49:35,65
226,172,2017-06-22 17:39:00,121
95,1,2019-02-08 00:36:21,80
157,30,2019-07-04 15:43:22,160
245,118,2020-01-29 05:40:51,352
114,26,2020-12-25 11:46:33,66
43,95,2021-02-05 18:14:20,18
118,113,2021-07-02 10:30:44,95
89,88,2019-07-15 00:00:24,350
267,59,2018-10-01 00:56:27,163
254,47,2019-03-15 23:45:43,37
287,100,2019-01-13 15:16:50,329
102,78,2017-08-29 14:12:54,212
290,52,2019-02-15 23:05:32,228
225,60,2023-04-28 00:48:32,306
190,165,2021-05-07 13:47:24,121
214,199,2021-03-21 17:10:05,87
217,132,2020-03-24 03:22:31,77
204,49,2021-11-21 03:09:03,222
266,170,2016-10-02 12:51:50,210
5,142,2019-04-10 14:55:37,340
104,52,2018-10-23 14:01:56,359
25,132,2021-12-27 11:53:44,239
9,94,2023-01-31 18:13:01,152
76,137,2018-11-07 01:17:33,191
231,12,2021-10-04 18:05:04,78
176,148,2015-11-14 13:04:05,227
298,154,2023-01-17 19:44:14,97
254,132,2019-06-24 15:47:01,50
1,142,2020-05-27 22:12:47,8
152,112,2015-12-13 22:51:09,130
145,9,2018-08-12 09:36:52,90
78,4,2018-08-16 04:31:32,300
22,122,2022-04-20 04:30:50,328
197,107,2018-04-30 12:04:14,166
154,183,2018-12-18 22:44:20,157
155,172,2020-05-31 05:53:20,172
274,63,2016-11-22 06:58:25,307
165,67,2018-03-06 21:16:48,79
147,2,2019-08-05 07:32:26,255
50,150,2016-01-09 09:30:46,51
192,6,2015-09-19 01:02:34,74
67,109,2017-08-24 23:00:53,134
251,34,2017-09-28 09:06:55,305
233,113,2021-08-02 17:28:20,63
12,108,2018-02-10 21:41:09,256
40,139,2016-08-16 06:15:18,326
8,30,2021-03-05 15:16:07,269
182,47,2019-10-14 09:17:28,49
131,20,2017-08-19 04:33:14,143
22,36,2016-07-21 04:18:38,46
130,108,2019-02-07 08:08:03,32
80,181,2020-10-26 08:35:39,319
192,35,2022-12-09 06:03:59,327
233,144,2015-07-16 06:03:28,289
121,24,2022-12-22 16:04:16,8
14,126,2020-05-07 08:43:26,21
123,104,2016-01-26 14:50:46,73
247,30,2022-08-03 14:00:32,337
148,5,2020-10-19 00:43:56,106
167,164,2015-12-05 14:20:48,103
74,41,2017-10-01 06:26:09,259
204,35,2018-11-04 09:54:16,247
287,133,2018-07-29 06:40:07,82
27,180,2021-10-11 19:27:43,272
132,178,2019-09-06 06:47:20,234
294,131,2022-12-13 20:01:15,130
188,127,2022-08-25 06:36:56,50
209,192,2020-03-27 21:24:36,102
232,159,2020-11-22 09:35:59,189
107,98,2020-01-16 20:06:20,43
204,187,2022-11-08 17:26:40,287
228,6,2017-04-25 15:47:58,342
34,137,2015-05-24 20:48:29,54
19,15,2015-06-30 04:51:39,7
195,12,2015-07-11 02:31:11,198
34,142,2015-08-21 05:12:21,346
211,160,2015-09-03 22:19:21,268
171,159,2015-10-26 04:57:05,96
2,145,2015-10-26 09:01:10,63
243,138,2015-12-24 02:19:33,233
105,113,2015-12-25 04:43:04,295
16,75,2016-02-14 06:29:29,34
147,29,2016-03-15 03:12:51,79
10,94,2016-04-27 11:22:54,293
195,149,2016-07-12 01:28:01,300
81,16,2016-07-26 15:09:39,33
226,174,2016-09-14 14:05:06,57
138,179,2016-10-15 07:48:46,115
223,169,2016-12-12 21:00:20,208
221,133,2017-01-19 19:22:59,294
81,81,2017-02-06 07:12:33,175
122,54,2017-02-13 20:53:39,123
78,48,2017-03-20 09:37:34,313
3,63,2017-03-20 17:14:50,41
252,140,2017-04-05 16:18:40,109
281,30,2017-04-10 00:20:59,223
43,44,2017-04-14 09:24:28,253
47,161,2017-04-18 09:18:54,305
171,164,2017-04-20 21:32:20,213
63,175,2017-05-08 22:05:50,110
70,198,2017-05-16 15:10:43,16
203,191,2017-06-01 03:20:40,298
252,115,2017-06-16 20:45:01,45
26,25,2017-07-05 00:29:26,105
220,26,2017-08-27 02:07:10,211
30,114,2017-10-09 20:16:52,274
232,113,2017-12-27 23:36:05,106
26,49,2018-01-11 05:51:36,93
85,12,2018-01-24 14:08:41,80
165,100,2018-02-10 00:48:31,319
45,8,2018-05-02 19:06:35,331
94,169,2018-05-12 16:50:24,251
66,73,2018-05-19 21:30:25,190
61,199,2018-06-19 19:20:12,328
218,103,2018-08-18 04:16:39,24
170,36,2018-09-25 18:12:10,49
112,89,2018-10-22 02:04:12,347
285,164,2018-11-11 06:23:57,147
73,20,2018-11-26 21:35:28,215
255,168,2018-12-30 03:46:19,146
44,69,2018-12-30 22:01:59,100
112,27,2019-03-15 16:15:07,328
295,121,2019-03-24 06:34:36,296
18,181,2019-05-18 23:14:46,214
89,17,2019-05-26 18:08:53,161
254,105,2019-06-15 06:49:34,244
231,12,2019-07-04 18:43:19,108
241,6,2019-07-14 22:03:51,169
72,123,2019-07-28 09:57:27,214
261,11,2019-09-22 06:52:00,343
291,187,2019-10-28 20:15:46,7
21,55,2019-11-04 05:27:42,299
70,130,2020-01-31 01:15:19,246
177,76,2020-03-08 01:01:17,30
203,115,2020-04-05 22:50:08,169
102,27,2020-06-05 20:23:33,291
62,129,2020-06-22 09:40:07,125
78,36,2020-06-28 21:58:22,224
48,63,2020-07-18 02:43:27,324
115,37,2020-08-04 07:40:14,102
36,44,2020-08-17 03:44:31,136
267,94,2020-09-04 10:37:43,281
235,107,2020-09-05 00:43:11,310
165,34,2020-11-22 20:43:29,327
60,49,2020-11-24 17:27:14,341
133,198,2021-12-12 11:45:57,69
274,5,2022-01-10 22:00:08,203
214,85,2022-01-17 15:54:56,316
8,140,2022-02-08 20:12:38,304
118,118,2022-03-04 23:36:14,270
294,181,2022-04-04 18:03:51,317
50,60,2022-05-06 14:27:46,313
169,154,2022-05-17 00:47:15,221
76,14,2022-09-30 05:05:46,84
162,180,2022-11-14 03:36:41,145
215,24,2022-12-19 00:26:38,86
267,21,2022-12-21 19:12:05,59
14,20,2023-02-24 04:40:53,156
138,106,2023-03-18 18:38:38,188
138,156,2023-05-08 13:19:29,4
290,13,2023-05-17 00:58:33,79
254,150,2015-05-24 22:21:01,239
146,135,2015-06-30 05:29:32,195
131,46,2015-07-11 02:57:12,147
104,26,2015-08-21 06:21:55,59
177,110,2015-09-03 23:04:48,131
195,127,2015-10-28 06:55:09,326
286,163,2015-10-26 10:20:06,293
277,138,2015-12-25 05:46:57,81
66,99,2016-02-14 06:56:06,310
70,165,2016-07-26 15:46:39,2
69,35,2016-09-14 14:50:42,110
189,57,2016-10-15 09:47:34,121
54,149,2016-12-12 22:33:04,68
279,179,2017-01-19 19:32:15,40
219,61,2017-02-06 07:45:25,278
236,94,2017-03-20 11:31:25,69
279,149,2017-03-20 18:57:22,152
155,57,2017-04-05 16:27:41,154
282,121,2017-04-10 00:31:39,87
117,56,2017-04-14 11:09:35,86
16,137,2017-04-18 10:03:35,263
276,165,2017-04-20 21:56:16,159
28,176,2017-05-08 22:22:33,256
53,57,2017-05-16 17:08:30,196
126,191,2017-06-01 05:04:20,246
114,37,2017-06-16 21:02:24,118
111,24,2017-07-05 01:37:59,188
50,8,2017-08-27 03:05:09,103
252,71,2017-10-09 21:14:56,163
101,136,2017-12-28 00:44:07,238
198,15,2018-01-11 07:05:35,133
36,143,2018-01-24 15:14:22,64
227,51,2018-02-10 02:46:13,173
278,162,2018-05-02 19:55:43,120
296,89,2018-05-12 17:27:21,18
147,13,2018-05-19 21:34:48,101
234,32,2018-06-19 20:10:30,15
106,197,2018-08-18 05:17:12,37
104,98,2018-09-25 20:03:10,137
131,151,2018-10-22 02:37:24,310
1,29,2018-11-11 07:35:09,64
297,18,2018-11-26 23:14:59,151
11,137,2018-12-31 04:04:19,61
129,129,2018-12-30 22:57:23,115
185,68,2019-03-15 17:57:29,154
98,19,2019-03-24 08:01:53,278
41,150,2019-06-15 08:29:16,341
103,197,2019-07-04 19:26:03,272
108,98,2019-07-14 22:09:28,355
132,30,2019-07-28 11:49:29,349
193,180,2019-09-22 07:58:20,221
170,17,2019-10-28 22:11:08,132
191,13,2019-11-04 07:20:19,125
129,131,2020-01-31 02:56:47,220
55,169,2020-03-08 01:14:53,190
28,112,2020-06-05 20:50:29,79
84,124,2020-06-22 10:15:17,277
219,167,2020-06-28 22:11:51,154
204,87,2020-07-18 03:53:00,151
287,74,2020-08-04 09:06:28,65
267,190,2020-08-17 05:25:56,247
87,18,2020-09-04 11:19:36,339
155,90,2020-09-05 01:10:49,105
77,85,2020-11-22 21:49:13,299
134,162,2020-11-24 18:31:35,348
95,132,2021-12-12 12:02:25,187
79,177,2022-01-10 23:32:40,114
81,3,2022-01-17 17:23:11,317
25,10,2022-02-08 20:41:59,185
11,172,2022-03-05 00:28:06,221
169,81,2022-04-04 19:15:49,220
151,47,2022-05-06 16:24:54,247
292,97,2022-05-17 02:38:39,18
176,68,2022-09-30 06:15:44,344
17,181,2022-11-14 04:40:28,67
150,141,2022-12-19 00:30:09,13
29,97,2022-12-21 19:45:09,242
151,69,2023-02-24 05:16:48,238
224,115,2023-03-18 19:33:50,334
295,42,2023-05-08 14:25:18,148
149,82,2021-02-03 19:05:50,159
237,192,2022-02-28 18:21:44,210
10,196,2017-04-10 06:25:53,306
38,55,2017-11-17 04:56:34,203
20,79,2023-03-05 08:56:32,119
38,133,2017-06-11 08:37:52,188
176,99,2018-02-18 00:37:22,199
145,85,2021-02-25 15:36:43,294
68,69,2019-06-27 17:43:05,263
268,102,2020-07-22 19:46:08,8
20,145,2019-07-30 13:43:44,317
152,170,2021-08-26 10:56:19,156
10,184,2020-05-14 11:46:03,135
265,166,2019-09-09 01:46:48,131
228,184,2019-11-16 04:01:01,268
275,19,2021-03-24 03:19:39,90
268,154,2017-01-30 21:23:49,30
76,138,2023-02-12 07:22:41,215
26,182,2015-12-17 23:07:42,274
196,69,2015-07-13 13:57:05,47
57,19,2022-05-25 20:22:40,240
117,146,2021-07-11 01:38:31,153
127,37,2021-12-07 03:15:00,267
195,6,2018-09-01 19:58:05,33
183,92,2017-12-12 16:50:43,220
90,180,2019-07-04 09:41:00,121
83,144,2022-03-02 01:58:28,48
64,114,2021-07-30 07:39:59,131
91,31,2021-04-08 07:38:39,285
146,89,2016-05-26 06:19:20,172
218,199,2022-11-07 15:01:40,145
55,84,2018-02-19 16:31:58,98
175,163,2019-07-03 10:10:05,87
61,23,2020-07-29 19:50:53,159
253,2,2017-08-01 05:28:48,263
98,78,2019-04-18 12:15:58,287
123,166,2016-01-14 19:14:40,299
183,11,2019-11-28 23:49:31,151
166,175,2020-08-05 16:54:33,164
205,140,2021-10-13 12:11:56,42
29,194,2019-02-20 07:48:45,280
17,108,2018-04-05 15:11:20,134
189,12,2021-03-04 23:09:31,79
120,100,2020-07-13 08:43:53,222
45,76,2022-01-30 21:00:52,342
222,1,2023-03-18 15:54:36,225
9,116,2021-12-03 03:01:09,154
251,175,2021-02-17 00:13:53,210
47,75,2021-11-01 11:01:06,139
199,182,2016-07-26 03:26:56,297
38,122,2016-03-31 23:17:12,143
189,69,2016-06-30 21:46:08,91
187,132,2021-03-06 12:42:31,50
146,131,2023-01-23 01:37:36,27
12,50,2015-05-30 14:29:54,218
200,50,2016-10-08 02:30:16,36
279,5,2019-12-19 22:53:24,272
224,189,2023-02-17 02:19:23,217
49,55,2020-09-19 20:15:38,263
199,85,2016-05-26 12:36:01,261
293,185,2022-04-03 23:56:43,91
103,62,2017-07-12 18:09:43,141
220,167,2017-01-20 04:15:00,249
43,166,2016-11-01 23:59:07,74
83,109,2020-09-13 23:27:40,278
82,113,2020-03-25 19:15:04,187
27,87,2018-10-23 05:54:54,53
26,142,2022-05-13 14:58:56,126
262,132,2022-04-08 02:53:38,77
142,7,2023-02-22 08:40:49,119
157,56,2016-06-11 11:48:23,336
67,23,2019-01-28 08:57:07,321
189,122,2021-08-19 20:16:33,252
185,157,2016-06-11 07:37:07,259
265,155,2018-08-15 19:38:49,99
278,11,2019-01-28 06:21:01,235
174,174,2016-06-10 04:40:00,292
218,160,2021-01-24 02:54:32,154
124,56,2017-08-13 16:51:18,256
188,185,2016-09-24 04:11:15,126
93,110,2019-04-29 20:23:58,319
179,140,2020-12-08 21:52:30,284
234,125,2020-02-09 06:35:38,223
53,87,2017-03-29 21:33:33,13
38,71,2022-01-03 16:17:29,275
121,113,2015-09-20 23:02:54,142
155,118,2015-08-03 19:47:06,152
136,74,2017-07-06 20:13:28,106
236,119,2020-02-20 22:59:43,91
223,84,2020-11-01 17:50:22,155
86,165,2020-06-09 04:38:38,105
146,186,2019-12-19 17:57:09,230
165,138,2017-12-15 18:38:36,134
138,21,2023-01-07 22:14:06,210
23,44,2017-12-18 02:48:04,279
142,147,2017-08-04 20:02:38,152
40,160,2018-03-10 22:26:18,35
250,115,2021-03-15 07:34:41,295
40,11,2021-01-14 23:46:40,273
254,173,2020-12-15 18:38:47,175
115,161,2016-11-06 08:58:53,272
24,7,2019-01-07 02:35:28,144
1,149,2018-04-21 08:51:13,41
228,17,2017-11-25 03:19:05,159
289,36,2018-11-02 20:53:30,140
209,168,2018-03-19 08:58:59,268
29,142,2017-08-21 16:38:15,203
60,128,2015-09-01 16:53:50,75
220,41,2017-11-24 23:15:17,319
151,69,2021-12-27 22:34:06,68
271,161,2020-07-26 11:37:42,12
177,196,2020-05-16 06:44:45,73
172,105,2019-06-05 13:15:29,53
285,166,2016-09-25 04:08:01,257
185,22,2019-05-13 14:26:15,217
295,99,2021-09-06 07:01:32,281
194,190,2015-06-14 05:09:06,240
191,8,2022-07-26 21:14:41,118
197,53,2019-09-08 21:16:56,199
249,153,2019-04-21 08:01:48,193
130,148,2016-06-27 11:11:28,25
245,118,2018-10-16 07:40:51,7
224,151,2017-06-14 19:01:13,110
97,27,2019-10-07 04:11:58,359
52,142,2016-08-15 11:56:27,119
129,20,2023-02-06 22:56:45,67
3,44,2016-01-22 20:27:29,265
264,54,2022-07-26 19:35:41,74
82,126,2019-08-08 12:47:01,271
64,132,2017-05-12 01:56:19,109
50,45,2023-05-05 10:04:25,106
50,108,2020-05-19 02:27:00,175
241,70,2015-12-21 05:11:04,32
294,177,2020-03-15 04:32:48,111
44,183,2016-04-09 14:24:25,103
172,166,2016-08-27 10:44:52,96
240,102,2023-03-02 15:06:15,182
53,192,2016-02-29 11:35:32,58
103,119,2018-01-25 22:43:20,138
273,181,2016-08-25 23:09:13,196
120,37,2021-03-07 04:55:38,220
260,65,2022-08-20 18:02:27,297
81,20,2021-03-04 06:13:07,160
156,194,2015-11-10 00:10:56,326
98,195,2019-03-02 00:40:36,86
49,118,2018-09-09 00:50:25,276
130,32,2020-07-07 20:43:59,85
251,123,2016-08-24 02:41:18,355
67,23,2018-11-10 00:35:49,24
198,103,2015-11-04 07:17:25,198
100,31,2016-01-23 18:08:47,360
5,96,2016-04-12 05:20:47,49
87,95,2018-02-05 23:47:00,135
36,35,2022-05-07 14:26:07,136
16,151,2020-03-30 14:24:47,297
140,89,2016-04-05 17:40:01,303
88,103,2017-04-08 07:25:45,13
152,26,2018-09-23 05:50:10,168
10,188,2020-07-25 20:43:31,146
235,32,2016-12-04 12:09:10,282
69,125,2016-08-31 17:35:26,340
37,188,2018-01-05 01:50:45,4
191,178,2016-05-08 02:22:06,145
287,73,2015-09-01 02:58:39,75
168,140,2015-07-01 20:15:40,291
231,165,2022-12-13 22:16:12,123
80,98,2016-06-01 08:58:33,204
73,26,2017-04-03 19:39:59,315
276,108,2023-04-02 07:39:27,2
214,109,2016-10-27 11:25:47,332
252,127,2015-06-29 14:40:40,81
12,148,2021-08-25 19:19:46,246
27,171,2022-05-03 23:19:14,51
238,171,2018-01-31 18:04:09,99
30,120,2019-03-14 13:08:31,179
256,124,2018-03-02 14:12:51,299
250,146,2016-04-04 17:50:19,309
177,102,2016-01-31 06:49:35,304
44,115,2017-06-22 17:39:00,345
273,106,2019-02-08 00:36:21,89
247,183,2019-07-04 15:43:22,352
286,178,2020-01-29 05:40:51,8
220,65,2020-12-25 11:46:33,13
115,119,2021-02-05 18:14:20,293
131,46,2021-07-02 10:30:44,172
66,153,2019-07-15 00:00:24,286
297,26,2018-10-01 00:56:27,176
79,181,2019-03-15 23:45:43,15
22,2,2019-01-13 15:16:50,66
188,166,2017-08-29 14:12:54,138
184,60,2019-02-15 23:05:32,49
210,55,2023-04-28 00:48:32,40
54,175,2021-05-07 13:47:24,269
15,144,2021-03-21 17:10:05,68
226,55,2020-03-24 03:22:31,104
208,115,2021-11-21 03:09:03,145
289,39,2016-10-02 12:51:50,145
18,101,2019-04-10 14:55:37,293
222,161,2018-10-23 14:01:56,34
235,125,2021-12-27 11:53:44,197
53,2,2023-01-31 18:13:01,224
56,198,2018-11-07 01:17:33,113
217,78,2021-10-04 18:05:04,250
47,172,2015-11-14 13:04:05,311
49,16,2023-01-17 19:44:14,212
161,100,2019-06-24 15:47:01,159
65,81,2020-05-27 22:12:47,349
60,99,2015-12-13 22:51:09,26
146,67,2018-08-12 09:36:52,127
92,69,2018-08-16 04:31:32,60
185,60,2022-04-20 04:30:50,343
38,26,2018-04-30 12:04:14,309
12,23,2018-12-18 22:44:20,280
22,41,2020-05-31 05:53:20,240
102,70,2016-11-22 06:58:25,278
145,198,2018-03-06 21:16:48,344
282,197,2019-08-05 07:32:26,103
89,128,2016-01-09 09:30:46,80
177,140,2015-09-19 01:02:34,149
199,65,2017-08-24 23:00:53,36
200,76,2017-09-28 09:06:55,40
208,50,2021-08-02 17:28:20,32
183,66,2018-02-10 21:41:09,49
191,41,2016-08-16 06:15:18,313
134,59,2021-03-05 15:16:07,281
7,9,2019-10-14 09:17:28,80
294,106,2017-08-19 04:33:14,18
104,154,2016-07-21 04:18:38,52
151,140,2019-02-07 08:08:03,294
242,189,2020-10-26 08:35:39,234
190,82,2022-12-09 06:03:59,276
71,150,2015-07-16 06:03:28,340
234,192,2022-12-22 16:04:16,88
157,105,2020-05-07 08:43:26,50
289,172,2016-01-26 14:50:46,281
244,50,2022-08-03 14:00:32,281
188,199,2020-10-19 00:43:56,135
285,161,2015-12-05 14:20:48,339
231,132,2017-10-01 06:26:09,34
260,192,2018-11-04 09:54:16,153
107,69,2018-07-29 06:40:07,273
261,19,2021-10-11 19:27:43,289
265,39,2019-09-06 06:47:20,155
142,125,2022-12-13 20:01:15,155
136,114,2022-08-25 06:36:56,164
190,70,2020-03-27 21:24:36,18
115,160,2020-11-22 09:35:59,106
97,26,2020-01-16 20:06:20,16
78,134,2022-11-08 17:26:40,271
150,30,2017-04-25 15:47:58,278
88,60,2015-05-24 20:48:29,100
29,26,2015-06-30 04:51:39,269
41,13,2015-07-11 02:31:11,120
238,45,2015-08-21 05:12:21,217
177,43,2015-09-03 22:19:21,316
268,77,2015-10-26 04:57:05,262
290,175,2015-10-26 09:01:10,90
77,178,2015-12-24 02:19:33,16
250,162,2015-12-25 04:43:04,47
56,18,2016-02-14 06:29:29,45
200,159,2016-03-15 03:12:51,285
85,27,2016-04-27 11:22:54,354
91,119,2016-07-12 01:28:01,271
259,132,2016-07-26 15:09:39,87
55,95,2016-09-14 14:05:06,247
25,34,2016-10-15 07:48:46,238
20,25,2016-12-12 21:00:20,117
199,161,2017-01-19 19:22:59,306
240,154,2017-02-06 07:12:33,295
145,93,2017-02-13 20:53:39,269
27,157,2017-03-20 09:37:34,58
39,95,2017-03-20 17:14:50,230
131,152,2017-04-05 16:18:40,200
290,57,2017-04-10 00:20:59,278
202,93,2017-04-14 09:24:28,80
35,2,2017-04-18 09:18:54,19
221,172,2017-04-20 21:32:20,141
156,148,2017-05-08 22:05:50,271
277,150,2017-05-16 15:10:43,44
46,137,2017-06-01 03:20:40,99
32,108,2017-06-16 20:45:01,158
50,35,2017-07-05 00:29:26,324
73,186,2017-08-27 02:07:10,289
232,185,2017-10-09 20:16:52,60
210,147,2017-12-27 23:36:05,299
15,161,2018-01-11 05:51:36,40
282,76,2018-01-24 14:08:41,335
195,77,2018-02-10 00:48:31,295
259,26,2018-05-02 19:06:35,37
208,20,2018-05-12 16:50:24,281
289,8,2018-05-19 21:30:25,294
25,92,2018-06-19 19:20:12,147
226,121,2018-08-18 04:16:39,283
207,22,2018-09-25 18:12:10,328
273,139,2018-10-22 02:04:12,38
137,97,2018-11-11 06:23:57,220
130,184,2018-11-26 21:35:28,195
184,159,2018-12-30 03:46:19,90
178,163,2018-12-30 22:01:59,359
200,134,2019-03-15 16:15:07,186
176,69,2019-03-24 06:34:36,175
201,90,2019-05-18 23:14:46,12
221,140,2019-05-26 18:08:53,354
282,79,2019-06-15 06:49:34,76
151,151,2019-07-04 18:43:19,83
290,55,2019-07-14 22:03:51,308
222,189,2019-07-28 09:57:27,32
236,33,2019-09-22 06:52:00,211
175,126,2019-10-28 20:15:46,287
37,145,2019-11-04 05:27:42,272
4,190,2020-01-31 01:15:19,321
299,122,2020-03-08 01:01:17,123
77,70,2020-04-05 22:50:08,236
100,146,2020-06-05 20:23:33,356
23,159,2020-06-22 09:40:07,345
267,76,2020-06-28 21:58:22,305
13,17,2020-07-18 02:43:27,25
221,53,2020-08-04 07:40:14,357
276,71,2020-08-17 03:44:31,285
15,194,2020-09-04 10:37:43,98
211,75,2020-09-05 00:43:11,153
221,40,2020-11-22 20:43:29,197
72,185,2020-11-24 17:27:14,11
89,140,2021-12-12 11:45:57,139
229,130,2022-01-10 22:00:08,324
164,102,2022-01-17 15:54:56,309
164,133,2022-02-08 20:12:38,23
201,161,2022-03-04 23:36:14,102
19,122,2022-04-04 18:03:51,81
162,152,2022-05-06 14:27:46,298
22,107,2022-05-17 00:47:15,101
235,29,2022-09-30 05:05:46,87
205,162,2022-11-14 03:36:41,134
196,18,2022-12-19 00:26:38,311
123,82,2022-12-21 19:12:05,15
169,33,2023-02-24 04:40:53,56
95,7,2023-03-18 18:38:38,62
30,126,2023-05-08 13:19:29,211
286,180,2023-05-17 00:58:33,329
112,125,2015-05-24 22:21:01,280
159,180,2015-06-30 05:29:32,19
128,160,2015-07-11 02:57:12,149
28,198,2015-08-21 06:21:55,343
241,62,2015-09-03 23:04:48,263
143,38,2015-10-28 06:55:09,255
170,103,2015-10-26 10:20:06,190
281,25,2015-12-25 05:46:57,217
139,125,2016-02-14 06:56:06,40
246,78,2016-07-26 15:46:39,308
62,38,2016-09-14 14:50:42,354
7,54,2016-10-15 09:47:34,4
284,73,2016-12-12 22:33:04,119
74,146,2017-01-19 19:32:15,25
105,51,2017-02-06 07:45:25,171
269,149,2017-03-20 11:31:25,97
274,40,2017-03-20 18:57:22,334
43,134,2017-04-05 16:27:41,106
112,140,2017-04-10 00:31:39,165
188,146,2017-04-14 11:09:35,55
37,127,2017-04-18 10:03:35,310
232,25,2017-04-20 21:56:16,356
242,117,2017-05-08 22:22:33,108
222,80,2017-05-16 17:08:30,304
186,139,2017-06-01 05:04:20,50
160,102,2017-06-16 21:02:24,196
130,94,2017-07-05 01:37:59,352
195,144,2017-08-27 03:05:09,168
136,64,2017-10-09 21:14:56,302
22,29,2017-12-28 00:44:07,233
20,47,2018-01-11 07:05:35,60
82,153,2018-01-24 15:14:22,48
213,172,2018-02-10 02:46:13,120
86,172,2018-05-02 19:55:43,259
247,35,2018-05-12 17:27:21,336
276,67,2018-05-19 21:34:48,50
158,9,2018-06-19 20:10:30,148
276,160,2018-08-18 05:17:12,203
193,64,2018-09-25 20:03:10,93
263,125,2018-10-22 02:37:24,111
14,95,2018-11-11 07:35:09,224
163,161,2018-11-26 23:14:59,128
4,164,2018-12-31 04:04:19,5
284,116,2018-12-30 22:57:23,171
15,113,2019-03-15 17:57:29,295
108,198,2019-03-24 08:01:53,256
139,117,2019-06-15 08:29:16,272
20,23,2019-07-04 19:26:03,188
277,171,2019-07-14 22:09:28,283
135,181,2019-07-28 11:49:29,346
152,10,2019-09-22 07:58:20,315
28,27,2019-10-28 22:11:08,223
62,89,2019-11-04 07:20:19,312
291,87,2020-01-31 02:56:47,50
139,22,2020-03-08 01:14:53,107
81,110,2020-06-05 20:50:29,121
27,71,2020-06-22 10:15:17,200
238,143,2020-06-28 22:11:51,75
34,178,2020-07-18 03:53:00,178
2,174,2020-08-04 09:06:28,264
114,65,2020-08-17 05:25:56,21
110,87,2020-09-04 11:19:36,194
100,6,2020-09-05 01:10:49,240
170,128,2020-11-22 21:49:13,305
279,73,2020-11-24 18:31:35,299
107,64,2021-12-12 12:02:25,14
157,63,2022-01-10 23:32:40,62
200,58,2022-01-17 17:23:11,250
74,13,2022-02-08 20:41:59,31
189,20,2022-03-05 00:28:06,63
280,15,2022-04-04 19:15:49,49
284,137,2022-05-06 16:24:54,104
136,71,2022-05-17 02:38:39,69
126,66,2022-09-30 06:15:44,55
238,26,2022-11-14 04:40:28,78
78,39,2022-12-19 00:30:09,45
113,51,2022-12-21 19:45:09,270
139,174,2023-02-24 05:16:48,150
265,109,2023-03-18 19:33:50,259
17,195,2023-05-08 14:25:18,92
38,63,2018-05-11 09:03:49,353
169,75,2020-02-06 21:54:15,269
280,160,2015-06-10 18:27:52,40
262,176,2018-09-10 04:45:48,321
223,10,2018-03-23 00:50:42,305
226,113,2020-05-25 21:31:15,263
74,180,2022-07-22 18:32:47,271
116,111,2023-01-24 15:20:01,31
197,54,2019-07-18 07:26:20,32
210,91,2019-10-09 11:43:11,322
152,63,2019-05-01 09:52:15,96
100,145,2017-12-12 00:18:55,265
13,180,2022-03-23 00:07:15,216
101,148,2023-04-02 02:47:28,202
104,80,2020-12-19 11:56:36,338
253,82,2022-05-02 11:57:58,332
101,7,2022-08-10 12:55:21,197
190,173,2021-04-26 16:53:39,209
85,115,2019-08-21 23:16:10,29
76,9,2016-10-18 15:37:48,7
109,92,2019-10-08 14:20:20,239
8,4,2017-05-04 02:58:40,339
163,157,2021-02-06 00:41:06,184
174,62,2017-02-03 17:50:45,312
224,148,2019-01-30 22:32:18,299
50,129,2016-10-08 04:39:42,238
250,116,2020-07-14 05:29:38,93
291,29,2021-03-22 22:54:29,335
171,18,2015-08-23 02:20:49,125
61,136,2019-07-21 18:26:20,340
287,51,2016-02-08 11:56:56,310
124,160,2019-05-23 15:53:07,170
198,145,2023-03-03 06:57:25,145
83,180,2021-04-14 16:21:34,250
23,167,2021-03-12 21:02:02,238
267,112,2022-10-19 07:03:15,101
258,95,2016-02-11 23:25:39,43
83,130,2022-05-02 13:44:25,329
272,119,2021-08-22 22:10:39,277
59,86,2022-01-08 12:02:36,95
46,124,2023-03-27 01:23:34,14
233,37,2020-05-10 03:26:03,131
76,197,2022-08-12 22:58:15,43
14,43,2016-12-09 15:50:53,272
108,68,2023-01-24 05:17:57,289
2,87,2021-03-02 02:22:46,56
40,182,2021-11-01 02:36:19,191
6,129,2021-03-03 02:33:56,142
136,14,2015-09-08 12:09:56,266
287,80,2022-04-01 05:21:31,12
191,2,2021-04-12 05:49:44,308
99,97,2016-04-23 14:07:58,40
115,182,2015-06-07 08:22:24,181
211,91,2018-09-30 10:54:53,93
296,124,2019-05-28 21:51:42,291
80,83,2020-07-08 22:15:15,47
289,91,2017-03-10 09:07:17,4
225,25,2019-04-21 11:12:09,276
36,119,2018-01-15 19:56:37,113
10,36,2022-03-03 11:24:20,265
153,174,2016-03-18 00:48:01,132
205,53,2023-03-05 04:59:28,300
9,127,2018-12-28 06:46:17,72
60,103,2015-10-28 09:21:54,169
39,159,2020-05-07 12:28:08,265
291,52,2021-02-12 16:59:40,302
270,193,2023-05-08 19:05:33,155
222,143,2018-09-15 07:29:37,203
278,91,2016-05-21 03:42:54,162
82,42,2016-04-01 15:32:06,235
230,179,2015-12-30 09:46:21,162
167,26,2021-06-09 17:21:08,185
101,39,2016-01-29 16:47:49,215
156,77,2019-10-24 19:46:59,221
218,78,2022-10-01 19:08:16,95
160,33,2016-10-22 07:59:36,254
266,1,2019-12-22 20:28:20,275
216,71,2021-12-21 20:17:56,260
47,189,2022-11-10 22:08:23,315
292,91,2017-03-14 17:03:47,23
70,181,2021-03-31 01:26:07,146
111,177,2017-11-26 02:47:15,94
92,150,2018-06-26 16:56:32,241
12,10,2021-12-12 01:11:41,79
47,169,2018-07-07 19:41:33,141
15,39,2021-08-31 02:08:51,110
45,138,2015-09-11 04:36:45,336
97,186,2015-10-26 23:34:19,163
222,182,2017-06-25 04:43:35,83
40,191,2015-06-04 08:38:16,174
39,23,2020-10-08 02:43:28,62
6,32,2019-08-16 14:14:09,172
240,78,2018-06-14 18:50:24,353
188,174,2017-02-27 06:42:45,263
288,169,2017-03-13 16:46:23,299
102,78,2018-11-10 16:30:08,132
220,23,2020-07-16 02:27:19,209
123,81,2017-02-01 06:57:37,165
15,129,2016-09-25 11:09:44,158
293,60,2023-02-03 09:45:42,295
193,122,2022-09-30 04:07:37,121
113,168,2020-09-07 20:30:40,91
255,175,2023-04-03 20:21:58,54
184,107,2022-02-16 00:14:17,62
284,171,2018-04-11 11:36:53,240
196,5,2016-07-22 13:11:30,175
31,31,2019-09-20 02:48:00,191
162,138,2018-03-27 04:14:58,106
162,139,2019-11-30 01:18:31,92
228,15,2019-12-06 23:36:44,312
27,152,2015-06-30 08:07:04,1
270,200,2015-05-28 10:42:45,139
122,106,2020-01-19 11:31:04,346
85,31,2017-09-22 19:22:46,178
138,43,2017-09-11 22:21:10,103
101,103,2017-11-09 09:59:14,342
77,56,2023-02-26 05:06:58,271
159,189,2015-10-15 12:51:39,165
276,45,2015-07-17 22:36:05,326
243,44,2018-02-24 09:42:06,196
163,57,2015-10-04 18:30:32,354
155,61,2021-12-16 12:26:49,301
24,76,2015-08-23 06:14:31,210
15,1,2020-07-29 14:00:01,334
199,154,2017-10-23 10:40:16,331
157,104,2017-11-23 09:46:15,97
288,117,2018-02-25 12:58:27,71
272,194,2020-02-12 16:25:25,80
139,69,2022-04-14 22:06:40,235
156,157,2021-06-19 23:52:18,70
213,192,2020-11-26 07:41:08,86
218,118,2022-10-18 04:12:55,258
293,28,2016-01-31 08:24:13,239
181,72,2023-03-14 18:48:34,167
286,43,2017-04-28 00:02:49,142
57,90,2021-01-28 12:08:56,82
135,188,2020-08-18 07:47:22,93
117,67,2017-04-08 04:40:58,316
104,140,2022-05-04 04:15:41,40
186,65,2022-10-25 08:16:41,68
45,76,2021-11-15 01:18:02,209
44,111,2018-05-09 12:03:31,239
247,40,2019-05-16 03:29:33,18
267,124,2019-04-13 20:06:15,334
125,95,2020-02-13 22:52:58,351
216,109,2018-03-02 16:30:08,169
128,155,2020-10-17 08:33:03,340
34,34,2022-11-18 03:33:36,265
196,104,2016-05-12 21:08:09,18
134,195,2018-08-16 15:53:50,273
299,100,2018-03-28 14:25:13,4
213,27,2016-06-20 18:28:07,3
16,174,2019-03-22 17:37:41,256
93,36,2022-07-01 01:42:54,243
238,179,2021-05-31 02:00:26,158
173,96,2022-10-14 03:45:01,90
159,9,2020-04-07 18:50:26,134
25,119,2019-12-27 00:53:55,174
228,130,2022-12-10 00:32:43,291
240,129,2022-01-01 06:01:02,155
259,39,2018-01-13 01:12:07,337
111,192,2015-06-10 11:14:52,161
